Agric,Agric,1.0
Agric,Food,0.4528728389769796
Agric,Soda,0.27878237049685756
Agric,Beer,0.29465415631140573
Agric,Smoke,0.22523282551709906
Agric,Toys,0.3769144160241358
Agric,Fun,0.4241903709876443
Agric,Books,0.4251570477010843
Agric,Hshld,0.47425933981322427
Agric,Clths,0.4257486168984396
Agric,Hlth,0.4093286586088323
Agric,MedEq,0.4703974405230571
Agric,Drugs,0.44284070435339545
Agric,Chems,0.47064733706962275
Agric,Rubbr,0.4097409870022975
Agric,Txtls,0.4024805443375068
Agric,BldMt,0.4871474649441112
Agric,Cnstr,0.4324871125597691
Agric,Steel,0.4667943493195879
Agric,FabPr,0.39142027385852873
Agric,Mach,0.5011531014337108
Agric,ElcEq,0.4616246664023135
Agric,Autos,0.45550772585589716
Agric,Aero,0.40831607043539814
Agric,Ships,0.3537808227773179
Agric,Guns,0.2974294368811499
Agric,Gold,0.17654018534675775
Agric,Mines,0.36180027948185406
Agric,Coal,0.2807724401336214
Agric,Oil,0.4099085936432266
Agric,Util,0.3844885421261354
Agric,Telcm,0.44808273590336806
Agric,PerSv,0.4276132310151819
Agric,BusSv,0.49238192977254414
Agric,Comps,0.46374304448466114
Agric,Chips,0.46680425273080034
Agric,LabEq,0.46438269173759505
Agric,Paper,0.45148194065976094
Agric,Boxes,0.37213486292571885
Agric,Trans,0.46812792348928345
Agric,Whlsl,0.5071103384605314
Agric,Rtail,0.4798937993194352
Agric,Meals,0.45528753231402835
Agric,Banks,0.4683383433869663
Agric,Insur,0.4406423011849032
Agric,RlEst,0.3897208323616034
Agric,Fin,0.4846843951619485
Agric,Other,0.38722652535203367
Food,Agric,0.4528728389769796
Food,Food,1.0
Food,Soda,0.45716443739027157
Food,Beer,0.4872737805453715
Food,Smoke,0.39447385661269524
Food,Toys,0.5863228194811145
Food,Fun,0.652040629613801
Food,Books,0.6582417832420936
Food,Hshld,0.7330195525762931
Food,Clths,0.677527092272834
Food,Hlth,0.5963343951466616
Food,MedEq,0.6887074178433498
Food,Drugs,0.6557523245062582
Food,Chems,0.7301505717396385
Food,Rubbr,0.6295022412733438
Food,Txtls,0.6065644054728127
Food,BldMt,0.7346245422138422
Food,Cnstr,0.6459597423141521
Food,Steel,0.6966867943443442
Food,FabPr,0.5610666174532971
Food,Mach,0.7557009792864728
Food,ElcEq,0.6885454854467937
Food,Autos,0.7261658727344361
Food,Aero,0.6277142116120055
Food,Ships,0.5265072682793781
Food,Guns,0.45707470431022135
Food,Gold,0.20730762607455344
Food,Mines,0.4974752334497959
Food,Coal,0.416294010059517
Food,Oil,0.5774711209490389
Food,Util,0.6624835124421725
Food,Telcm,0.6859036719846685
Food,PerSv,0.6438541879141388
Food,BusSv,0.7286299607455575
Food,Comps,0.6888902299780932
Food,Chips,0.6841815980625896
Food,LabEq,0.688024134197528
Food,Paper,0.711239194351979
Food,Boxes,0.6045128830082642
Food,Trans,0.7213228396184791
Food,Whlsl,0.7495503812721663
Food,Rtail,0.7522566709295819
Food,Meals,0.694885721152972
Food,Banks,0.7238581775156835
Food,Insur,0.7164793773091404
Food,RlEst,0.57434806051196
Food,Fin,0.7346915769297783
Food,Other,0.5661067299869169
Soda,Agric,0.27878237049685756
Soda,Food,0.45716443739027157
Soda,Soda,1.0
Soda,Beer,0.3363545436083111
Soda,Smoke,0.2549755155534734
Soda,Toys,0.35244576971755337
Soda,Fun,0.38694551574318314
Soda,Books,0.3959356702722835
Soda,Hshld,0.438755483415775
Soda,Clths,0.4057844707971335
Soda,Hlth,0.36385166438324745
Soda,MedEq,0.42354687328897056
Soda,Drugs,0.4057825086838373
Soda,Chems,0.43777863745969364
Soda,Rubbr,0.37358358983891704
Soda,Txtls,0.3697408999681993
Soda,BldMt,0.4400411279261448
Soda,Cnstr,0.3828343171785633
Soda,Steel,0.41399012344288094
Soda,FabPr,0.3300808735905862
Soda,Mach,0.4437101124929034
Soda,ElcEq,0.4143646938037955
Soda,Autos,0.4281394297138401
Soda,Aero,0.3792849539612348
Soda,Ships,0.31281600626481987
Soda,Guns,0.27663848431927124
Soda,Gold,0.11212134263505832
Soda,Mines,0.2936482190015929
Soda,Coal,0.2443871020046125
Soda,Oil,0.33622422179982864
Soda,Util,0.4107051246897993
Soda,Telcm,0.40965433460874506
Soda,PerSv,0.38519684668340465
Soda,BusSv,0.43120961966737126
Soda,Comps,0.4161807762421688
Soda,Chips,0.40890043780909535
Soda,LabEq,0.4142863241042779
Soda,Paper,0.419809141007226
Soda,Boxes,0.37240460013796406
Soda,Trans,0.4254943885824049
Soda,Whlsl,0.44714526316413195
Soda,Rtail,0.4475085153313104
Soda,Meals,0.4262941813742857
Soda,Banks,0.43187106718455726
Soda,Insur,0.42669663291533033
Soda,RlEst,0.3354396572646927
Soda,Fin,0.4366688787230381
Soda,Other,0.3363306885330931
Beer,Agric,0.29465415631140573
Beer,Food,0.4872737805453715
Beer,Soda,0.3363545436083111
Beer,Beer,1.0
Beer,Smoke,0.27617224163149967
Beer,Toys,0.39935204019843795
Beer,Fun,0.42113253238321546
Beer,Books,0.4032997156948186
Beer,Hshld,0.47137013314842974
Beer,Clths,0.438856682772519
Beer,Hlth,0.39898857704520835
Beer,MedEq,0.4736534134006831
Beer,Drugs,0.44162102063697267
Beer,Chems,0.4747645635763659
Beer,Rubbr,0.4080112164165548
Beer,Txtls,0.3925425289123984
Beer,BldMt,0.47027858597001665
Beer,Cnstr,0.40160720306872405
Beer,Steel,0.4334585828577912
Beer,FabPr,0.3460620752084677
Beer,Mach,0.4782595962930397
Beer,ElcEq,0.4420924028031523
Beer,Autos,0.45929860067495004
Beer,Aero,0.4253541711922887
Beer,Ships,0.3316333525841522
Beer,Guns,0.3030593790345174
Beer,Gold,0.14100088307159922
Beer,Mines,0.3111482141895067
Beer,Coal,0.25474418302524293
Beer,Oil,0.37528929604639544
Beer,Util,0.4364757937593964
Beer,Telcm,0.44662787714535535
Beer,PerSv,0.4241221221566532
Beer,BusSv,0.47867546403778766
Beer,Comps,0.4633952601560183
Beer,Chips,0.4563989771918233
Beer,LabEq,0.4549151710508038
Beer,Paper,0.44695182520316107
Beer,Boxes,0.372866650285213
Beer,Trans,0.4610615763020591
Beer,Whlsl,0.48742893297792445
Beer,Rtail,0.4802670640342177
Beer,Meals,0.4625422719529715
Beer,Banks,0.45454767527573076
Beer,Insur,0.45238351930007115
Beer,RlEst,0.3669958983691473
Beer,Fin,0.45459855912543035
Beer,Other,0.38092905847188796
Smoke,Agric,0.22523282551709906
Smoke,Food,0.39447385661269524
Smoke,Soda,0.2549755155534734
Smoke,Beer,0.27617224163149967
Smoke,Smoke,1.0
Smoke,Toys,0.3029719339992334
Smoke,Fun,0.3286702462514793
Smoke,Books,0.32134177076725456
Smoke,Hshld,0.36350468382445683
Smoke,Clths,0.34052310488271864
Smoke,Hlth,0.30739642562209685
Smoke,MedEq,0.36039962031450007
Smoke,Drugs,0.3481594670984883
Smoke,Chems,0.38504279725451235
Smoke,Rubbr,0.31289708054922455
Smoke,Txtls,0.2966345742054897
Smoke,BldMt,0.3633654099257854
Smoke,Cnstr,0.3094715364630765
Smoke,Steel,0.34426614336841355
Smoke,FabPr,0.2551218103397307
Smoke,Mach,0.3760256851913555
Smoke,ElcEq,0.33610336831986565
Smoke,Autos,0.36825168228572824
Smoke,Aero,0.3333673368363552
Smoke,Ships,0.2535697733501649
Smoke,Guns,0.23469394777926625
Smoke,Gold,0.1033738948542472
Smoke,Mines,0.2385328623675952
Smoke,Coal,0.21205018724774083
Smoke,Oil,0.28976068901617974
Smoke,Util,0.383940792945143
Smoke,Telcm,0.34810455263466356
Smoke,PerSv,0.3203321775723157
Smoke,BusSv,0.3600352653709364
Smoke,Comps,0.3501221926885232
Smoke,Chips,0.340776152693347
Smoke,LabEq,0.34354902483522304
Smoke,Paper,0.3649918705284845
Smoke,Boxes,0.32048122524179995
Smoke,Trans,0.36389082217477636
Smoke,Whlsl,0.36740996746135635
Smoke,Rtail,0.3755286821577542
Smoke,Meals,0.3379666711171104
Smoke,Banks,0.3671646523179303
Smoke,Insur,0.37089458572429373
Smoke,RlEst,0.273957856603978
Smoke,Fin,0.3638659520911541
Smoke,Other,0.28190050588524473
Toys,Agric,0.3769144160241358
Toys,Food,0.5863228194811145
Toys,Soda,0.35244576971755337
Toys,Beer,0.39935204019843795
Toys,Smoke,0.3029719339992334
Toys,Toys,1.0
Toys,Fun,0.5958706383369701
Toys,Books,0.5548653954050059
Toys,Hshld,0.6377430410329858
Toys,Clths,0.6010389568275997
Toys,Hlth,0.5389256708207585
Toys,MedEq,0.6279935723676255
Toys,Drugs,0.5962976396471785
Toys,Chems,0.6227049553531065
Toys,Rubbr,0.5392851190087838
Toys,Txtls,0.5368650443360755
Toys,BldMt,0.6444316201588752
Toys,Cnstr,0.5645877126902916
Toys,Steel,0.5903994461646248
Toys,FabPr,0.4846407111542715
Toys,Mach,0.660370363760734
Toys,ElcEq,0.6163519861671168
Toys,Autos,0.6330057789041007
Toys,Aero,0.5407451581077669
Toys,Ships,0.44009787443334575
Toys,Guns,0.3817252248098899
Toys,Gold,0.18605407075172736
Toys,Mines,0.4241178844589266
Toys,Coal,0.34936869575206486
Toys,Oil,0.49678766031339977
Toys,Util,0.4890330671387701
Toys,Telcm,0.623542728027402
Toys,PerSv,0.5629878508540752
Toys,BusSv,0.6766934542260882
Toys,Comps,0.6515767382368677
Toys,Chips,0.6533192385778532
Toys,LabEq,0.6342173041978388
Toys,Paper,0.5998429931928246
Toys,Boxes,0.5212646773857607
Toys,Trans,0.6239270010979739
Toys,Whlsl,0.6743419153668158
Toys,Rtail,0.6572567287441722
Toys,Meals,0.6165775819250793
Toys,Banks,0.6122311515217579
Toys,Insur,0.5833194759484713
Toys,RlEst,0.5223144014451133
Toys,Fin,0.6365980436527162
Toys,Other,0.5210719801188625
Fun,Agric,0.4241903709876443
Fun,Food,0.652040629613801
Fun,Soda,0.38694551574318314
Fun,Beer,0.42113253238321546
Fun,Smoke,0.3286702462514793
Fun,Toys,0.5958706383369701
Fun,Fun,1.0
Fun,Books,0.6333768159417854
Fun,Hshld,0.7002513507877062
Fun,Clths,0.6539136476609515
Fun,Hlth,0.5840688574118261
Fun,MedEq,0.6781349846374319
Fun,Drugs,0.6492892524588517
Fun,Chems,0.6872531531142292
Fun,Rubbr,0.5959715066197186
Fun,Txtls,0.590817804819144
Fun,BldMt,0.7101764120552746
Fun,Cnstr,0.6342884300255428
Fun,Steel,0.6682431393404211
Fun,FabPr,0.5381091608639674
Fun,Mach,0.7281959789535829
Fun,ElcEq,0.6713511405868243
Fun,Autos,0.7056337247151071
Fun,Aero,0.588434275112629
Fun,Ships,0.49499249431259035
Fun,Guns,0.40978005146885577
Fun,Gold,0.2026107581279509
Fun,Mines,0.4733068674984795
Fun,Coal,0.39798166774987986
Fun,Oil,0.5538575680689023
Fun,Util,0.5426068280167626
Fun,Telcm,0.7014292843638947
Fun,PerSv,0.6355046670807668
Fun,BusSv,0.7455523087019676
Fun,Comps,0.7051433398112599
Fun,Chips,0.7100905050241159
Fun,LabEq,0.6884595850246829
Fun,Paper,0.6687056116540478
Fun,Boxes,0.5743926014423285
Fun,Trans,0.7010992003351503
Fun,Whlsl,0.7365663644553985
Fun,Rtail,0.7360328943270683
Fun,Meals,0.6899704804835383
Fun,Banks,0.6856755201337157
Fun,Insur,0.6670322013040146
Fun,RlEst,0.5767189673665465
Fun,Fin,0.7262190085615668
Fun,Other,0.5646875310062415
Books,Agric,0.4251570477010843
Books,Food,0.6582417832420936
Books,Soda,0.3959356702722835
Books,Beer,0.4032997156948186
Books,Smoke,0.32134177076725456
Books,Toys,0.5548653954050059
Books,Fun,0.6333768159417854
Books,Books,1.0
Books,Hshld,0.7071629720272774
Books,Clths,0.6576389056726708
Books,Hlth,0.5518138627883354
Books,MedEq,0.6319182800027812
Books,Drugs,0.6117970346671482
Books,Chems,0.7061378272698371
Books,Rubbr,0.6085913024334699
Books,Txtls,0.6089336483877007
Books,BldMt,0.7161320501076704
Books,Cnstr,0.6453541600926842
Books,Steel,0.6822027418836796
Books,FabPr,0.549876960806519
Books,Mach,0.7413068961797119
Books,ElcEq,0.6602643538691754
Books,Autos,0.7268323056298721
Books,Aero,0.5744751746226396
Books,Ships,0.5229453592088465
Books,Guns,0.42176109072912127
Books,Gold,0.17628356283794427
Books,Mines,0.460693353404121
Books,Coal,0.40883848671637346
Books,Oil,0.5531394970688716
Books,Util,0.5922786650704609
Books,Telcm,0.6851243091020582
Books,PerSv,0.6340885770449198
Books,BusSv,0.7029330142691264
Books,Comps,0.6488184346369824
Books,Chips,0.6567810829996857
Books,LabEq,0.6588534297155954
Books,Paper,0.7100679835466525
Books,Boxes,0.576319949449697
Books,Trans,0.6980420530381506
Books,Whlsl,0.7189551967511305
Books,Rtail,0.7450193032350032
Books,Meals,0.661305878293934
Books,Banks,0.7128333072762689
Books,Insur,0.6953309617800617
Books,RlEst,0.5815204429842342
Books,Fin,0.7365643247982456
Books,Other,0.516796016202755
Hshld,Agric,0.47425933981322427
Hshld,Food,0.7330195525762931
Hshld,Soda,0.438755483415775
Hshld,Beer,0.47137013314842974
Hshld,Smoke,0.36350468382445683
Hshld,Toys,0.6377430410329858
Hshld,Fun,0.7002513507877062
Hshld,Books,0.7071629720272774
Hshld,Hshld,1.0
Hshld,Clths,0.736238624520074
Hshld,Hlth,0.6322801738413862
Hshld,MedEq,0.7356846334643233
Hshld,Drugs,0.6938095307199854
Hshld,Chems,0.7777209987103827
Hshld,Rubbr,0.6716170605669417
Hshld,Txtls,0.6735033418834221
Hshld,BldMt,0.7951508844182721
Hshld,Cnstr,0.7096323360270885
Hshld,Steel,0.746449333221231
Hshld,FabPr,0.5995337712994729
Hshld,Mach,0.8138638679362749
Hshld,ElcEq,0.7404372869903401
Hshld,Autos,0.7912708935131467
Hshld,Aero,0.6584776535596527
Hshld,Ships,0.5599389809178209
Hshld,Guns,0.4615770581087532
Hshld,Gold,0.2150581158228039
Hshld,Mines,0.5283516366312397
Hshld,Coal,0.43480326983233103
Hshld,Oil,0.6107945214470822
Hshld,Util,0.6280349817225834
Hshld,Telcm,0.7383039564156806
Hshld,PerSv,0.681687377946018
Hshld,BusSv,0.792915990226493
Hshld,Comps,0.7543768700712818
Hshld,Chips,0.7526400854241438
Hshld,LabEq,0.7501532257938931
Hshld,Paper,0.7534540805090384
Hshld,Boxes,0.6375457837489655
Hshld,Trans,0.7760898916553626
Hshld,Whlsl,0.8030978256545901
Hshld,Rtail,0.8185490621498397
Hshld,Meals,0.7492879262599853
Hshld,Banks,0.7715047339112753
Hshld,Insur,0.7359828785797716
Hshld,RlEst,0.6262705340672257
Hshld,Fin,0.7891152237784387
Hshld,Other,0.6049258940765527
Clths,Agric,0.4257486168984396
Clths,Food,0.677527092272834
Clths,Soda,0.4057844707971335
Clths,Beer,0.438856682772519
Clths,Smoke,0.34052310488271864
Clths,Toys,0.6010389568275997
Clths,Fun,0.6539136476609515
Clths,Books,0.6576389056726708
Clths,Hshld,0.736238624520074
Clths,Clths,1.0
Clths,Hlth,0.5705873611510738
Clths,MedEq,0.6584013398382675
Clths,Drugs,0.6266135189226769
Clths,Chems,0.7155522991330386
Clths,Rubbr,0.6184479686095272
Clths,Txtls,0.6376892534769897
Clths,BldMt,0.7342330643529755
Clths,Cnstr,0.6710233839760146
Clths,Steel,0.695029498941671
Clths,FabPr,0.5642126834155761
Clths,Mach,0.7536671062572449
Clths,ElcEq,0.6811237675241409
Clths,Autos,0.7412378602592197
Clths,Aero,0.6101415571832969
Clths,Ships,0.5356994712976699
Clths,Guns,0.4314381430077898
Clths,Gold,0.19281119873265964
Clths,Mines,0.48346028705986355
Clths,Coal,0.4153637016503896
Clths,Oil,0.5523502682926982
Clths,Util,0.580333410308349
Clths,Telcm,0.6796990987563325
Clths,PerSv,0.6359886939948679
Clths,BusSv,0.7277118084000105
Clths,Comps,0.6842899779738666
Clths,Chips,0.6844921070356317
Clths,LabEq,0.678726030054948
Clths,Paper,0.7045500278743704
Clths,Boxes,0.5955223327422061
Clths,Trans,0.7269785402625365
Clths,Whlsl,0.7511912965586351
Clths,Rtail,0.8159782908078085
Clths,Meals,0.7033270110565129
Clths,Banks,0.7021578194164139
Clths,Insur,0.6853769179830017
Clths,RlEst,0.5868711789508144
Clths,Fin,0.7370636433240105
Clths,Other,0.5589972815221064
Hlth,Agric,0.4093286586088323
Hlth,Food,0.5963343951466616
Hlth,Soda,0.36385166438324745
Hlth,Beer,0.39898857704520835
Hlth,Smoke,0.30739642562209685
Hlth,Toys,0.5389256708207585
Hlth,Fun,0.5840688574118261
Hlth,Books,0.5518138627883354
Hlth,Hshld,0.6322801738413862
Hlth,Clths,0.5705873611510738
Hlth,Hlth,1.0
Hlth,MedEq,0.6810904600574273
Hlth,Drugs,0.6366437593816983
Hlth,Chems,0.611147321526696
Hlth,Rubbr,0.5385902803158594
Hlth,Txtls,0.5209569260545913
Hlth,BldMt,0.6226309627835713
Hlth,Cnstr,0.5588274082451244
Hlth,Steel,0.5730902861902247
Hlth,FabPr,0.467673474788611
Hlth,Mach,0.6418836595794819
Hlth,ElcEq,0.6105519562051254
Hlth,Autos,0.6148059060303248
Hlth,Aero,0.5461798696822058
Hlth,Ships,0.43980000207701403
Hlth,Guns,0.3854357391471279
Hlth,Gold,0.17668814483145046
Hlth,Mines,0.41719189086498654
Hlth,Coal,0.3435188011376596
Hlth,Oil,0.5039829146594248
Hlth,Util,0.4848277595963787
Hlth,Telcm,0.6058305746279526
Hlth,PerSv,0.5803484255941281
Hlth,BusSv,0.6869245204987233
Hlth,Comps,0.6641488119195171
Hlth,Chips,0.6461107442339004
Hlth,LabEq,0.646982249663089
Hlth,Paper,0.5674224518690956
Hlth,Boxes,0.5085441908860611
Hlth,Trans,0.6202487870740586
Hlth,Whlsl,0.6714297342406075
Hlth,Rtail,0.6415872637334189
Hlth,Meals,0.6181039554122996
Hlth,Banks,0.6120981593055516
Hlth,Insur,0.6028978201866934
Hlth,RlEst,0.507787835679151
Hlth,Fin,0.6288479653915446
Hlth,Other,0.5362228071683189
MedEq,Agric,0.4703974405230571
MedEq,Food,0.6887074178433498
MedEq,Soda,0.42354687328897056
MedEq,Beer,0.4736534134006831
MedEq,Smoke,0.36039962031450007
MedEq,Toys,0.6279935723676255
MedEq,Fun,0.6781349846374319
MedEq,Books,0.6319182800027812
MedEq,Hshld,0.7356846334643233
MedEq,Clths,0.6584013398382675
MedEq,Hlth,0.6810904600574273
MedEq,MedEq,1.0
MedEq,Drugs,0.7894294583607626
MedEq,Chems,0.7197868897695126
MedEq,Rubbr,0.6235819487030766
MedEq,Txtls,0.5991630351410062
MedEq,BldMt,0.730030089087212
MedEq,Cnstr,0.6467668084623035
MedEq,Steel,0.6776844461377444
MedEq,FabPr,0.5516366885762446
MedEq,Mach,0.7652153923789196
MedEq,ElcEq,0.72725243512727
MedEq,Autos,0.7089414533792684
MedEq,Aero,0.6297314520924697
MedEq,Ships,0.49610926623144036
MedEq,Guns,0.45090666868332857
MedEq,Gold,0.20434721180850582
MedEq,Mines,0.49126468512329863
MedEq,Coal,0.41302388780813754
MedEq,Oil,0.5876762931532407
MedEq,Util,0.5626118894124159
MedEq,Telcm,0.733490222178528
MedEq,PerSv,0.6579475472470062
MedEq,BusSv,0.8181949935456101
MedEq,Comps,0.7991226416785452
MedEq,Chips,0.7794742557883125
MedEq,LabEq,0.7695424612405245
MedEq,Paper,0.6686488077210745
MedEq,Boxes,0.5823608048983621
MedEq,Trans,0.7193370210300978
MedEq,Whlsl,0.7780440648092822
MedEq,Rtail,0.748336970914797
MedEq,Meals,0.7119908647335119
MedEq,Banks,0.7029995692762004
MedEq,Insur,0.6677778143129004
MedEq,RlEst,0.5736391286891681
MedEq,Fin,0.7262723991590784
MedEq,Other,0.6169155653215918
Drugs,Agric,0.44284070435339545
Drugs,Food,0.6557523245062582
Drugs,Soda,0.4057825086838373
Drugs,Beer,0.44162102063697267
Drugs,Smoke,0.3481594670984883
Drugs,Toys,0.5962976396471785
Drugs,Fun,0.6492892524588517
Drugs,Books,0.6117970346671482
Drugs,Hshld,0.6938095307199854
Drugs,Clths,0.6266135189226769
Drugs,Hlth,0.6366437593816983
Drugs,MedEq,0.7894294583607626
Drugs,Drugs,1.0
Drugs,Chems,0.7019761209814692
Drugs,Rubbr,0.5805334307382497
Drugs,Txtls,0.5662076808688319
Drugs,BldMt,0.6854497117128189
Drugs,Cnstr,0.6162067241268333
Drugs,Steel,0.6492328111741277
Drugs,FabPr,0.5202966524103055
Drugs,Mach,0.7378344131722157
Drugs,ElcEq,0.7033247721921695
Drugs,Autos,0.6725569239054218
Drugs,Aero,0.5827291632811996
Drugs,Ships,0.47813157209629065
Drugs,Guns,0.42164587859860914
Drugs,Gold,0.17978951753363398
Drugs,Mines,0.465666496440548
Drugs,Coal,0.39110336363897563
Drugs,Oil,0.5530703965632914
Drugs,Util,0.553431271627566
Drugs,Telcm,0.7423768634233922
Drugs,PerSv,0.6160649500367497
Drugs,BusSv,0.8074648534856366
Drugs,Comps,0.7820096980042497
Drugs,Chips,0.7726301185519756
Drugs,LabEq,0.7555363038226576
Drugs,Paper,0.643650680390078
Drugs,Boxes,0.5623730333957483
Drugs,Trans,0.6916978615001403
Drugs,Whlsl,0.7392619335216192
Drugs,Rtail,0.7259229340762396
Drugs,Meals,0.6553906891111231
Drugs,Banks,0.6598021791118814
Drugs,Insur,0.6380936917012422
Drugs,RlEst,0.521447517804227
Drugs,Fin,0.7019791895223272
Drugs,Other,0.5857602811068354
Chems,Agric,0.47064733706962275
Chems,Food,0.7301505717396385
Chems,Soda,0.43777863745969364
Chems,Beer,0.4747645635763659
Chems,Smoke,0.38504279725451235
Chems,Toys,0.6227049553531065
Chems,Fun,0.6872531531142292
Chems,Books,0.7061378272698371
Chems,Hshld,0.7777209987103827
Chems,Clths,0.7155522991330386
Chems,Hlth,0.611147321526696
Chems,MedEq,0.7197868897695126
Chems,Drugs,0.7019761209814692
Chems,Chems,1.0
Chems,Rubbr,0.6744560708924399
Chems,Txtls,0.6537106011266401
Chems,BldMt,0.8072141438822172
Chems,Cnstr,0.7240706671894523
Chems,Steel,0.8244690553116373
Chems,FabPr,0.6401381661858173
Chems,Mach,0.8565630560376349
Chems,ElcEq,0.7561535779545762
Chems,Autos,0.8150465174077317
Chems,Aero,0.673063715516865
Chems,Ships,0.591463022440139
Chems,Guns,0.4783627853834864
Chems,Gold,0.2646614628953901
Chems,Mines,0.6031604951188857
Chems,Coal,0.5177177663692832
Chems,Oil,0.7117426154695863
Chems,Util,0.6876205050329962
Chems,Telcm,0.7406061037440966
Chems,PerSv,0.6763899030922498
Chems,BusSv,0.7801029096291118
Chems,Comps,0.7381087670783408
Chems,Chips,0.7483097693166392
Chems,LabEq,0.7492588378100934
Chems,Paper,0.7910919825547019
Chems,Boxes,0.6754250408402935
Chems,Trans,0.7924645253797398
Chems,Whlsl,0.8151679994368047
Chems,Rtail,0.7983457786976398
Chems,Meals,0.7233190380715658
Chems,Banks,0.759086963036036
Chems,Insur,0.7544672655808319
Chems,RlEst,0.6140428501366619
Chems,Fin,0.8045552852940023
Chems,Other,0.59458087811093
Rubbr,Agric,0.4097409870022975
Rubbr,Food,0.6295022412733438
Rubbr,Soda,0.37358358983891704
Rubbr,Beer,0.4080112164165548
Rubbr,Smoke,0.31289708054922455
Rubbr,Toys,0.5392851190087838
Rubbr,Fun,0.5959715066197186
Rubbr,Books,0.6085913024334699
Rubbr,Hshld,0.6716170605669417
Rubbr,Clths,0.6184479686095272
Rubbr,Hlth,0.5385902803158594
Rubbr,MedEq,0.6235819487030766
Rubbr,Drugs,0.5805334307382497
Rubbr,Chems,0.6744560708924399
Rubbr,Rubbr,1.0
Rubbr,Txtls,0.5602716462665791
Rubbr,BldMt,0.6910025098810332
Rubbr,Cnstr,0.6089809731737004
Rubbr,Steel,0.6619099767957913
Rubbr,FabPr,0.5327702717786238
Rubbr,Mach,0.7095296418173201
Rubbr,ElcEq,0.6485582628319996
Rubbr,Autos,0.6752578609710607
Rubbr,Aero,0.569083239216346
Rubbr,Ships,0.48928442670609246
Rubbr,Guns,0.39843165980392414
Rubbr,Gold,0.20083152063972162
Rubbr,Mines,0.4598381372774884
Rubbr,Coal,0.3837553290365355
Rubbr,Oil,0.5441818905447224
Rubbr,Util,0.552461609152976
Rubbr,Telcm,0.6293128265743922
Rubbr,PerSv,0.5982220389321682
Rubbr,BusSv,0.6752701825042611
Rubbr,Comps,0.6316405672762282
Rubbr,Chips,0.6424477462889048
Rubbr,LabEq,0.6423375185750643
Rubbr,Paper,0.6541244223611024
Rubbr,Boxes,0.5526622314489944
Rubbr,Trans,0.6638100244441868
Rubbr,Whlsl,0.7018692828563919
Rubbr,Rtail,0.6827965836223681
Rubbr,Meals,0.625787984098219
Rubbr,Banks,0.6628323012524429
Rubbr,Insur,0.6365525435863509
Rubbr,RlEst,0.5508672385188051
Rubbr,Fin,0.6843182761677613
Rubbr,Other,0.5186920544835789
Txtls,Agric,0.4024805443375068
Txtls,Food,0.6065644054728127
Txtls,Soda,0.3697408999681993
Txtls,Beer,0.3925425289123984
Txtls,Smoke,0.2966345742054897
Txtls,Toys,0.5368650443360755
Txtls,Fun,0.590817804819144
Txtls,Books,0.6089336483877007
Txtls,Hshld,0.6735033418834221
Txtls,Clths,0.6376892534769897
Txtls,Hlth,0.5209569260545913
Txtls,MedEq,0.5991630351410062
Txtls,Drugs,0.5662076808688319
Txtls,Chems,0.6537106011266401
Txtls,Rubbr,0.5602716462665791
Txtls,Txtls,1.0
Txtls,BldMt,0.6857703239153166
Txtls,Cnstr,0.60814333957386
Txtls,Steel,0.6337554011582255
Txtls,FabPr,0.5104568891184919
Txtls,Mach,0.684824090708665
Txtls,ElcEq,0.6132800738496075
Txtls,Autos,0.667302209082168
Txtls,Aero,0.5486121279209373
Txtls,Ships,0.47828807084856784
Txtls,Guns,0.3972590803500499
Txtls,Gold,0.17775211550257144
Txtls,Mines,0.44087758075195616
Txtls,Coal,0.36361765922615635
Txtls,Oil,0.5160428599106023
Txtls,Util,0.5393519440084537
Txtls,Telcm,0.6097201476834117
Txtls,PerSv,0.579350987002402
Txtls,BusSv,0.6442230579152676
Txtls,Comps,0.6091359879340695
Txtls,Chips,0.6094460099388785
Txtls,LabEq,0.6165137895416045
Txtls,Paper,0.6525216182221106
Txtls,Boxes,0.5383019160226469
Txtls,Trans,0.6515927361933458
Txtls,Whlsl,0.672218890771015
Txtls,Rtail,0.6822217955680671
Txtls,Meals,0.628119371465916
Txtls,Banks,0.6423361906051211
Txtls,Insur,0.6206318058559789
Txtls,RlEst,0.5376437683191111
Txtls,Fin,0.6552864622295758
Txtls,Other,0.49907039008144716
BldMt,Agric,0.4871474649441112
BldMt,Food,0.7346245422138422
BldMt,Soda,0.4400411279261448
BldMt,Beer,0.47027858597001665
BldMt,Smoke,0.3633654099257854
BldMt,Toys,0.6444316201588752
BldMt,Fun,0.7101764120552746
BldMt,Books,0.7161320501076704
BldMt,Hshld,0.7951508844182721
BldMt,Clths,0.7342330643529755
BldMt,Hlth,0.6226309627835713
BldMt,MedEq,0.730030089087212
BldMt,Drugs,0.6854497117128189
BldMt,Chems,0.8072141438822172
BldMt,Rubbr,0.6910025098810332
BldMt,Txtls,0.6857703239153166
BldMt,BldMt,1.0
BldMt,Cnstr,0.7593885574113651
BldMt,Steel,0.8062550254701347
BldMt,FabPr,0.6439582521599763
BldMt,Mach,0.8551260282941593
BldMt,ElcEq,0.7635323739790711
BldMt,Autos,0.8187689076756856
BldMt,Aero,0.680948220123935
BldMt,Ships,0.5934338606618
BldMt,Guns,0.4876792509697884
BldMt,Gold,0.2411821930867391
BldMt,Mines,0.5738018890242055
BldMt,Coal,0.48575845934523065
BldMt,Oil,0.6691393299485628
BldMt,Util,0.6573191333227063
BldMt,Telcm,0.7412803157290307
BldMt,PerSv,0.697281990722239
BldMt,BusSv,0.7940868300835745
BldMt,Comps,0.7441185379070493
BldMt,Chips,0.7557434662004853
BldMt,LabEq,0.7574128918454072
BldMt,Paper,0.7813306202342624
BldMt,Boxes,0.6588904996814442
BldMt,Trans,0.7941576460681089
BldMt,Whlsl,0.8290068244735342
BldMt,Rtail,0.818220581238573
BldMt,Meals,0.7449486165048365
BldMt,Banks,0.788158375238152
BldMt,Insur,0.7602704381179162
BldMt,RlEst,0.6575214706937059
BldMt,Fin,0.8218572950197404
BldMt,Other,0.6128320252962786
Cnstr,Agric,0.4324871125597691
Cnstr,Food,0.6459597423141521
Cnstr,Soda,0.3828343171785633
Cnstr,Beer,0.40160720306872405
Cnstr,Smoke,0.3094715364630765
Cnstr,Toys,0.5645877126902916
Cnstr,Fun,0.6342884300255428
Cnstr,Books,0.6453541600926842
Cnstr,Hshld,0.7096323360270885
Cnstr,Clths,0.6710233839760146
Cnstr,Hlth,0.5588274082451244
Cnstr,MedEq,0.6467668084623035
Cnstr,Drugs,0.6162067241268333
Cnstr,Chems,0.7240706671894523
Cnstr,Rubbr,0.6089809731737004
Cnstr,Txtls,0.60814333957386
Cnstr,BldMt,0.7593885574113651
Cnstr,Cnstr,1.0
Cnstr,Steel,0.7289647281390136
Cnstr,FabPr,0.5777710695472131
Cnstr,Mach,0.7647447221272076
Cnstr,ElcEq,0.6828161860422032
Cnstr,Autos,0.7347904324319808
Cnstr,Aero,0.591204359011654
Cnstr,Ships,0.5270866875048141
Cnstr,Guns,0.4192872037201694
Cnstr,Gold,0.23695787440043306
Cnstr,Mines,0.5289466893430054
Cnstr,Coal,0.4596299070693108
Cnstr,Oil,0.6133539230943089
Cnstr,Util,0.5925872810376802
Cnstr,Telcm,0.6624685602696981
Cnstr,PerSv,0.6291521817384477
Cnstr,BusSv,0.7088639226574698
Cnstr,Comps,0.6600768832453416
Cnstr,Chips,0.6707890883840006
Cnstr,LabEq,0.6716697491391806
Cnstr,Paper,0.6999642545745332
Cnstr,Boxes,0.5862866272922337
Cnstr,Trans,0.7124818169939683
Cnstr,Whlsl,0.736066339472412
Cnstr,Rtail,0.7439814126286849
Cnstr,Meals,0.6692759031693759
Cnstr,Banks,0.7134695940702251
Cnstr,Insur,0.7145340291004654
Cnstr,RlEst,0.5943732773621823
Cnstr,Fin,0.7499931654227059
Cnstr,Other,0.5397824841575937
Steel,Agric,0.4667943493195879
Steel,Food,0.6966867943443442
Steel,Soda,0.41399012344288094
Steel,Beer,0.4334585828577912
Steel,Smoke,0.34426614336841355
Steel,Toys,0.5903994461646248
Steel,Fun,0.6682431393404211
Steel,Books,0.6822027418836796
Steel,Hshld,0.746449333221231
Steel,Clths,0.695029498941671
Steel,Hlth,0.5730902861902247
Steel,MedEq,0.6776844461377444
Steel,Drugs,0.6492328111741277
Steel,Chems,0.8244690553116373
Steel,Rubbr,0.6619099767957913
Steel,Txtls,0.6337554011582255
Steel,BldMt,0.8062550254701347
Steel,Cnstr,0.7289647281390136
Steel,Steel,1.0
Steel,FabPr,0.6515826839471701
Steel,Mach,0.8575702105309216
Steel,ElcEq,0.739598207818948
Steel,Autos,0.7943115477665004
Steel,Aero,0.6503373421184135
Steel,Ships,0.5867388452976486
Steel,Guns,0.45840767345132627
Steel,Gold,0.3194147283476226
Steel,Mines,0.650170971207269
Steel,Coal,0.5781620629827674
Steel,Oil,0.7346817152732894
Steel,Util,0.6572836527143652
Steel,Telcm,0.7220465799039587
Steel,PerSv,0.6531343143077105
Steel,BusSv,0.7509256268437663
Steel,Comps,0.711723739460133
Steel,Chips,0.7312264307636583
Steel,LabEq,0.7239420138179871
Steel,Paper,0.7625794125368829
Steel,Boxes,0.6541779949226132
Steel,Trans,0.7738932001123493
Steel,Whlsl,0.8062625518108932
Steel,Rtail,0.7718784995019666
Steel,Meals,0.6893764287079419
Steel,Banks,0.7272655483519247
Steel,Insur,0.7275957861304287
Steel,RlEst,0.6113765691128435
Steel,Fin,0.7949692866166617
Steel,Other,0.5676226405570591
FabPr,Agric,0.39142027385852873
FabPr,Food,0.5610666174532971
FabPr,Soda,0.3300808735905862
FabPr,Beer,0.3460620752084677
FabPr,Smoke,0.2551218103397307
FabPr,Toys,0.4846407111542715
FabPr,Fun,0.5381091608639674
FabPr,Books,0.549876960806519
FabPr,Hshld,0.5995337712994729
FabPr,Clths,0.5642126834155761
FabPr,Hlth,0.467673474788611
FabPr,MedEq,0.5516366885762446
FabPr,Drugs,0.5202966524103055
FabPr,Chems,0.6401381661858173
FabPr,Rubbr,0.5327702717786238
FabPr,Txtls,0.5104568891184919
FabPr,BldMt,0.6439582521599763
FabPr,Cnstr,0.5777710695472131
FabPr,Steel,0.6515826839471701
FabPr,FabPr,1.0
FabPr,Mach,0.6809182079826807
FabPr,ElcEq,0.6025315943506615
FabPr,Autos,0.6286938126863539
FabPr,Aero,0.5218988197479787
FabPr,Ships,0.4725553107935569
FabPr,Guns,0.377472658601113
FabPr,Gold,0.22896158459625376
FabPr,Mines,0.4772065340886897
FabPr,Coal,0.4272027596692606
FabPr,Oil,0.558332803826615
FabPr,Util,0.5103885482540665
FabPr,Telcm,0.5706986492664081
FabPr,PerSv,0.5376748241077686
FabPr,BusSv,0.603596393547188
FabPr,Comps,0.5731168872539211
FabPr,Chips,0.578473657714304
FabPr,LabEq,0.5822728871525642
FabPr,Paper,0.6045203623095879
FabPr,Boxes,0.5039954823606525
FabPr,Trans,0.6037287426248726
FabPr,Whlsl,0.6449135758973953
FabPr,Rtail,0.6223165289095672
FabPr,Meals,0.5613769188443993
FabPr,Banks,0.5944977306602791
FabPr,Insur,0.5854771159427263
FabPr,RlEst,0.49254483054563053
FabPr,Fin,0.6342324880684297
FabPr,Other,0.4522595812416674
Mach,Agric,0.5011531014337108
Mach,Food,0.7557009792864728
Mach,Soda,0.4437101124929034
Mach,Beer,0.4782595962930397
Mach,Smoke,0.3760256851913555
Mach,Toys,0.660370363760734
Mach,Fun,0.7281959789535829
Mach,Books,0.7413068961797119
Mach,Hshld,0.8138638679362749
Mach,Clths,0.7536671062572449
Mach,Hlth,0.6418836595794819
Mach,MedEq,0.7652153923789196
Mach,Drugs,0.7378344131722157
Mach,Chems,0.8565630560376349
Mach,Rubbr,0.7095296418173201
Mach,Txtls,0.684824090708665
Mach,BldMt,0.8551260282941593
Mach,Cnstr,0.7647447221272076
Mach,Steel,0.8575702105309216
Mach,FabPr,0.6809182079826807
Mach,Mach,1.0
Mach,ElcEq,0.8099588391919714
Mach,Autos,0.8430895641041578
Mach,Aero,0.7037755281767032
Mach,Ships,0.6245249074084939
Mach,Guns,0.49715871131902517
Mach,Gold,0.26483028210185267
Mach,Mines,0.6098317005319945
Mach,Coal,0.5382298293451577
Mach,Oil,0.7455170024599491
Mach,Util,0.6876016599772286
Mach,Telcm,0.8023889162208699
Mach,PerSv,0.7178504792715993
Mach,BusSv,0.8562180343640894
Mach,Comps,0.8176986961027004
Mach,Chips,0.8446150685945193
Mach,LabEq,0.8279508117176485
Mach,Paper,0.805097601851947
Mach,Boxes,0.6925145443106644
Mach,Trans,0.8246676595894004
Mach,Whlsl,0.867671867012158
Mach,Rtail,0.8411799020439046
Mach,Meals,0.758471311928835
Mach,Banks,0.7913121284680108
Mach,Insur,0.7792078165856869
Mach,RlEst,0.6592135135064915
Mach,Fin,0.8554345596250605
Mach,Other,0.6358954951561574
ElcEq,Agric,0.4616246664023135
ElcEq,Food,0.6885454854467937
ElcEq,Soda,0.4143646938037955
ElcEq,Beer,0.4420924028031523
ElcEq,Smoke,0.33610336831986565
ElcEq,Toys,0.6163519861671168
ElcEq,Fun,0.6713511405868243
ElcEq,Books,0.6602643538691754
ElcEq,Hshld,0.7404372869903401
ElcEq,Clths,0.6811237675241409
ElcEq,Hlth,0.6105519562051254
ElcEq,MedEq,0.72725243512727
ElcEq,Drugs,0.7033247721921695
ElcEq,Chems,0.7561535779545762
ElcEq,Rubbr,0.6485582628319996
ElcEq,Txtls,0.6132800738496075
ElcEq,BldMt,0.7635323739790711
ElcEq,Cnstr,0.6828161860422032
ElcEq,Steel,0.739598207818948
ElcEq,FabPr,0.6025315943506615
ElcEq,Mach,0.8099588391919714
ElcEq,ElcEq,1.0
ElcEq,Autos,0.7448509753295106
ElcEq,Aero,0.6350632156538206
ElcEq,Ships,0.5464223721973809
ElcEq,Guns,0.4610109969969327
ElcEq,Gold,0.22191666340877642
ElcEq,Mines,0.533495100131526
ElcEq,Coal,0.45497900954838993
ElcEq,Oil,0.6352428616488487
ElcEq,Util,0.5961160572265634
ElcEq,Telcm,0.7328570540974003
ElcEq,PerSv,0.6519900771549908
ElcEq,BusSv,0.797737637913222
ElcEq,Comps,0.7616575560615461
ElcEq,Chips,0.7813588160732484
ElcEq,LabEq,0.7661993815689894
ElcEq,Paper,0.7094306956444363
ElcEq,Boxes,0.6057245810932715
ElcEq,Trans,0.7412028774979981
ElcEq,Whlsl,0.7900160724498477
ElcEq,Rtail,0.7576373733418867
ElcEq,Meals,0.693649295249856
ElcEq,Banks,0.7160710555487372
ElcEq,Insur,0.690685807281846
ElcEq,RlEst,0.599947720412823
ElcEq,Fin,0.7659349891187156
ElcEq,Other,0.590620575306855
Autos,Agric,0.45550772585589716
Autos,Food,0.7261658727344361
Autos,Soda,0.4281394297138401
Autos,Beer,0.45929860067495004
Autos,Smoke,0.36825168228572824
Autos,Toys,0.6330057789041007
Autos,Fun,0.7056337247151071
Autos,Books,0.7268323056298721
Autos,Hshld,0.7912708935131467
Autos,Clths,0.7412378602592197
Autos,Hlth,0.6148059060303248
Autos,MedEq,0.7089414533792684
Autos,Drugs,0.6725569239054218
Autos,Chems,0.8150465174077317
Autos,Rubbr,0.6752578609710607
Autos,Txtls,0.667302209082168
Autos,BldMt,0.8187689076756856
Autos,Cnstr,0.7347904324319808
Autos,Steel,0.7943115477665004
Autos,FabPr,0.6286938126863539
Autos,Mach,0.8430895641041578
Autos,ElcEq,0.7448509753295106
Autos,Autos,1.0
Autos,Aero,0.6746761740846207
Autos,Ships,0.5888525679111214
Autos,Guns,0.4678203622303114
Autos,Gold,0.2299174418672978
Autos,Mines,0.5496645325544747
Autos,Coal,0.4718240515091564
Autos,Oil,0.6421019560762375
Autos,Util,0.6547917688143505
Autos,Telcm,0.7399746001128611
Autos,PerSv,0.6863268791106171
Autos,BusSv,0.7737364357398037
Autos,Comps,0.7353232394222555
Autos,Chips,0.7430790005505022
Autos,LabEq,0.7413621261120342
Autos,Paper,0.7976527091336276
Autos,Boxes,0.6578637203832047
Autos,Trans,0.8033602023594318
Autos,Whlsl,0.8087071437581124
Autos,Rtail,0.8210476319150536
Autos,Meals,0.7441462219805596
Autos,Banks,0.7750439622040206
Autos,Insur,0.7577035162620946
Autos,RlEst,0.626002174628352
Autos,Fin,0.8106103940200418
Autos,Other,0.5852404876088168
Aero,Agric,0.40831607043539814
Aero,Food,0.6277142116120055
Aero,Soda,0.3792849539612348
Aero,Beer,0.4253541711922887
Aero,Smoke,0.3333673368363552
Aero,Toys,0.5407451581077669
Aero,Fun,0.588434275112629
Aero,Books,0.5744751746226396
Aero,Hshld,0.6584776535596527
Aero,Clths,0.6101415571832969
Aero,Hlth,0.5461798696822058
Aero,MedEq,0.6297314520924697
Aero,Drugs,0.5827291632811996
Aero,Chems,0.673063715516865
Aero,Rubbr,0.569083239216346
Aero,Txtls,0.5486121279209373
Aero,BldMt,0.680948220123935
Aero,Cnstr,0.591204359011654
Aero,Steel,0.6503373421184135
Aero,FabPr,0.5218988197479787
Aero,Mach,0.7037755281767032
Aero,ElcEq,0.6350632156538206
Aero,Autos,0.6746761740846207
Aero,Aero,1.0
Aero,Ships,0.49993800861601506
Aero,Guns,0.43574283364330746
Aero,Gold,0.19042340616280284
Aero,Mines,0.45921772746389317
Aero,Coal,0.3923727240206992
Aero,Oil,0.5512082898222629
Aero,Util,0.5575689585379147
Aero,Telcm,0.6160494527203207
Aero,PerSv,0.5840512764365502
Aero,BusSv,0.667932026292152
Aero,Comps,0.6479028667098464
Aero,Chips,0.6437814873417157
Aero,LabEq,0.6411270224195276
Aero,Paper,0.6459398959711461
Aero,Boxes,0.5562511371509449
Aero,Trans,0.6763127392959369
Aero,Whlsl,0.6853118271653722
Aero,Rtail,0.6743102736271179
Aero,Meals,0.635537423205021
Aero,Banks,0.6402164485342292
Aero,Insur,0.6318946502375294
Aero,RlEst,0.5282682514422125
Aero,Fin,0.6661036435786669
Aero,Other,0.5129717805724466
Ships,Agric,0.3537808227773179
Ships,Food,0.5265072682793781
Ships,Soda,0.31281600626481987
Ships,Beer,0.3316333525841522
Ships,Smoke,0.2535697733501649
Ships,Toys,0.44009787443334575
Ships,Fun,0.49499249431259035
Ships,Books,0.5229453592088465
Ships,Hshld,0.5599389809178209
Ships,Clths,0.5356994712976699
Ships,Hlth,0.43980000207701403
Ships,MedEq,0.49610926623144036
Ships,Drugs,0.47813157209629065
Ships,Chems,0.591463022440139
Ships,Rubbr,0.48928442670609246
Ships,Txtls,0.47828807084856784
Ships,BldMt,0.5934338606618
Ships,Cnstr,0.5270866875048141
Ships,Steel,0.5867388452976486
Ships,FabPr,0.4725553107935569
Ships,Mach,0.6245249074084939
Ships,ElcEq,0.5464223721973809
Ships,Autos,0.5888525679111214
Ships,Aero,0.49993800861601506
Ships,Ships,1.0
Ships,Guns,0.36557500600346843
Ships,Gold,0.18800799254985365
Ships,Mines,0.41841885383377925
Ships,Coal,0.38160410927418154
Ships,Oil,0.5205872094411548
Ships,Util,0.4841257146943196
Ships,Telcm,0.518921700953776
Ships,PerSv,0.5080783279187224
Ships,BusSv,0.5524697041845162
Ships,Comps,0.5216450405723495
Ships,Chips,0.5305988849329488
Ships,LabEq,0.5328822381009675
Ships,Paper,0.5691811454672799
Ships,Boxes,0.4672271409662443
Ships,Trans,0.5796225005110011
Ships,Whlsl,0.5872864052001651
Ships,Rtail,0.5810014598343664
Ships,Meals,0.5247238251044501
Ships,Banks,0.5591004184845845
Ships,Insur,0.5502332748959424
Ships,RlEst,0.45225959010631056
Ships,Fin,0.5892791848814013
Ships,Other,0.41769673911645394
Guns,Agric,0.2974294368811499
Guns,Food,0.45707470431022135
Guns,Soda,0.27663848431927124
Guns,Beer,0.3030593790345174
Guns,Smoke,0.23469394777926625
Guns,Toys,0.3817252248098899
Guns,Fun,0.40978005146885577
Guns,Books,0.42176109072912127
Guns,Hshld,0.4615770581087532
Guns,Clths,0.4314381430077898
Guns,Hlth,0.3854357391471279
Guns,MedEq,0.45090666868332857
Guns,Drugs,0.42164587859860914
Guns,Chems,0.4783627853834864
Guns,Rubbr,0.39843165980392414
Guns,Txtls,0.3972590803500499
Guns,BldMt,0.4876792509697884
Guns,Cnstr,0.4192872037201694
Guns,Steel,0.45840767345132627
Guns,FabPr,0.377472658601113
Guns,Mach,0.49715871131902517
Guns,ElcEq,0.4610109969969327
Guns,Autos,0.4678203622303114
Guns,Aero,0.43574283364330746
Guns,Ships,0.36557500600346843
Guns,Guns,1.0
Guns,Gold,0.1647176517717307
Guns,Mines,0.33742990846502274
Guns,Coal,0.28746597073157354
Guns,Oil,0.39803264587312853
Guns,Util,0.41341393469152526
Guns,Telcm,0.44157160259323014
Guns,PerSv,0.4133739703593434
Guns,BusSv,0.4707032453943543
Guns,Comps,0.45684448222443025
Guns,Chips,0.45522815129193656
Guns,LabEq,0.4622707839710334
Guns,Paper,0.4628494090439541
Guns,Boxes,0.3903743834835142
Guns,Trans,0.4642753184314695
Guns,Whlsl,0.48586744491958983
Guns,Rtail,0.4710532024181295
Guns,Meals,0.43392912059678346
Guns,Banks,0.45899376040759804
Guns,Insur,0.44051817935612103
Guns,RlEst,0.37516183488428073
Guns,Fin,0.46848047016443567
Guns,Other,0.36421796141597595
Gold,Agric,0.17654018534675775
Gold,Food,0.20730762607455344
Gold,Soda,0.11212134263505832
Gold,Beer,0.14100088307159922
Gold,Smoke,0.1033738948542472
Gold,Toys,0.18605407075172736
Gold,Fun,0.2026107581279509
Gold,Books,0.17628356283794427
Gold,Hshld,0.2150581158228039
Gold,Clths,0.19281119873265964
Gold,Hlth,0.17668814483145046
Gold,MedEq,0.20434721180850582
Gold,Drugs,0.17978951753363398
Gold,Chems,0.2646614628953901
Gold,Rubbr,0.20083152063972162
Gold,Txtls,0.17775211550257144
Gold,BldMt,0.2411821930867391
Gold,Cnstr,0.23695787440043306
Gold,Steel,0.3194147283476226
Gold,FabPr,0.22896158459625376
Gold,Mach,0.26483028210185267
Gold,ElcEq,0.22191666340877642
Gold,Autos,0.2299174418672978
Gold,Aero,0.19042340616280284
Gold,Ships,0.18800799254985365
Gold,Guns,0.1647176517717307
Gold,Gold,1.0
Gold,Mines,0.4142207991546669
Gold,Coal,0.2533162427419366
Gold,Oil,0.3373425050978703
Gold,Util,0.215144796164431
Gold,Telcm,0.2031558901569982
Gold,PerSv,0.19044699615756236
Gold,BusSv,0.22438324862779974
Gold,Comps,0.2033905098253068
Gold,Chips,0.21709533804197634
Gold,LabEq,0.2223947811516592
Gold,Paper,0.21478721217817606
Gold,Boxes,0.1858970858153558
Gold,Trans,0.20070630207118184
Gold,Whlsl,0.25747736181980563
Gold,Rtail,0.1999878011202297
Gold,Meals,0.1900008169263821
Gold,Banks,0.1804038657440621
Gold,Insur,0.19224570336399346
Gold,RlEst,0.2096010396818533
Gold,Fin,0.23866937381300146
Gold,Other,0.17133921260837917
Mines,Agric,0.36180027948185406
Mines,Food,0.4974752334497959
Mines,Soda,0.2936482190015929
Mines,Beer,0.3111482141895067
Mines,Smoke,0.2385328623675952
Mines,Toys,0.4241178844589266
Mines,Fun,0.4733068674984795
Mines,Books,0.460693353404121
Mines,Hshld,0.5283516366312397
Mines,Clths,0.48346028705986355
Mines,Hlth,0.41719189086498654
Mines,MedEq,0.49126468512329863
Mines,Drugs,0.465666496440548
Mines,Chems,0.6031604951188857
Mines,Rubbr,0.4598381372774884
Mines,Txtls,0.44087758075195616
Mines,BldMt,0.5738018890242055
Mines,Cnstr,0.5289466893430054
Mines,Steel,0.650170971207269
Mines,FabPr,0.4772065340886897
Mines,Mach,0.6098317005319945
Mines,ElcEq,0.533495100131526
Mines,Autos,0.5496645325544747
Mines,Aero,0.45921772746389317
Mines,Ships,0.41841885383377925
Mines,Guns,0.33742990846502274
Mines,Gold,0.4142207991546669
Mines,Mines,1.0
Mines,Coal,0.470488808704692
Mines,Oil,0.6055542134360197
Mines,Util,0.4670445155925244
Mines,Telcm,0.49859237827242214
Mines,PerSv,0.4589752840112972
Mines,BusSv,0.5313113890580484
Mines,Comps,0.49562687630087404
Mines,Chips,0.5103694637592884
Mines,LabEq,0.5170153356047158
Mines,Paper,0.5295147270203392
Mines,Boxes,0.4621158516465939
Mines,Trans,0.5371753892228024
Mines,Whlsl,0.5843858547060139
Mines,Rtail,0.52634063079492
Mines,Meals,0.48595013952194444
Mines,Banks,0.5029405841768285
Mines,Insur,0.49889345341884883
Mines,RlEst,0.43581716035745005
Mines,Fin,0.564612300230744
Mines,Other,0.41816649818157636
Coal,Agric,0.2807724401336214
Coal,Food,0.416294010059517
Coal,Soda,0.2443871020046125
Coal,Beer,0.25474418302524293
Coal,Smoke,0.21205018724774083
Coal,Toys,0.34936869575206486
Coal,Fun,0.39798166774987986
Coal,Books,0.40883848671637346
Coal,Hshld,0.43480326983233103
Coal,Clths,0.4153637016503896
Coal,Hlth,0.3435188011376596
Coal,MedEq,0.41302388780813754
Coal,Drugs,0.39110336363897563
Coal,Chems,0.5177177663692832
Coal,Rubbr,0.3837553290365355
Coal,Txtls,0.36361765922615635
Coal,BldMt,0.48575845934523065
Coal,Cnstr,0.4596299070693108
Coal,Steel,0.5781620629827674
Coal,FabPr,0.4272027596692606
Coal,Mach,0.5382298293451577
Coal,ElcEq,0.45497900954838993
Coal,Autos,0.4718240515091564
Coal,Aero,0.3923727240206992
Coal,Ships,0.38160410927418154
Coal,Guns,0.28746597073157354
Coal,Gold,0.2533162427419366
Coal,Mines,0.470488808704692
Coal,Coal,1.0
Coal,Oil,0.5870132486589441
Coal,Util,0.44298825932806307
Coal,Telcm,0.4306261367512149
Coal,PerSv,0.38546537699011
Coal,BusSv,0.4437093454825044
Coal,Comps,0.4210434708423921
Coal,Chips,0.43083479644498146
Coal,LabEq,0.42394829080172086
Coal,Paper,0.4601080352659481
Coal,Boxes,0.38915705266131473
Coal,Trans,0.4536458450901146
Coal,Whlsl,0.49012904391172407
Coal,Rtail,0.45463754613853063
Coal,Meals,0.4114521409910275
Coal,Banks,0.42297442500048643
Coal,Insur,0.43367481287485526
Coal,RlEst,0.37195995077885047
Coal,Fin,0.47705148930569485
Coal,Other,0.3487673701482363
Oil,Agric,0.4099085936432266
Oil,Food,0.5774711209490389
Oil,Soda,0.33622422179982864
Oil,Beer,0.37528929604639544
Oil,Smoke,0.28976068901617974
Oil,Toys,0.49678766031339977
Oil,Fun,0.5538575680689023
Oil,Books,0.5531394970688716
Oil,Hshld,0.6107945214470822
Oil,Clths,0.5523502682926982
Oil,Hlth,0.5039829146594248
Oil,MedEq,0.5876762931532407
Oil,Drugs,0.5530703965632914
Oil,Chems,0.7117426154695863
Oil,Rubbr,0.5441818905447224
Oil,Txtls,0.5160428599106023
Oil,BldMt,0.6691393299485628
Oil,Cnstr,0.6133539230943089
Oil,Steel,0.7346817152732894
Oil,FabPr,0.558332803826615
Oil,Mach,0.7455170024599491
Oil,ElcEq,0.6352428616488487
Oil,Autos,0.6421019560762375
Oil,Aero,0.5512082898222629
Oil,Ships,0.5205872094411548
Oil,Guns,0.39803264587312853
Oil,Gold,0.3373425050978703
Oil,Mines,0.6055542134360197
Oil,Coal,0.5870132486589441
Oil,Oil,1.0
Oil,Util,0.6170807204010819
Oil,Telcm,0.5870238628322417
Oil,PerSv,0.5449049389947034
Oil,BusSv,0.6221394167968259
Oil,Comps,0.5895020341311696
Oil,Chips,0.5965231982139094
Oil,LabEq,0.6033237565820863
Oil,Paper,0.6195011521511029
Oil,Boxes,0.5249940320168388
Oil,Trans,0.6313879209683653
Oil,Whlsl,0.6829818798394899
Oil,Rtail,0.6001532158371029
Oil,Meals,0.5665747630746103
Oil,Banks,0.5950043625131185
Oil,Insur,0.5945396565724991
Oil,RlEst,0.5370677166578404
Oil,Fin,0.650725228849876
Oil,Other,0.4836505158104647
Util,Agric,0.3844885421261354
Util,Food,0.6624835124421725
Util,Soda,0.4107051246897993
Util,Beer,0.4364757937593964
Util,Smoke,0.383940792945143
Util,Toys,0.4890330671387701
Util,Fun,0.5426068280167626
Util,Books,0.5922786650704609
Util,Hshld,0.6280349817225834
Util,Clths,0.580333410308349
Util,Hlth,0.4848277595963787
Util,MedEq,0.5626118894124159
Util,Drugs,0.553431271627566
Util,Chems,0.6876205050329962
Util,Rubbr,0.552461609152976
Util,Txtls,0.5393519440084537
Util,BldMt,0.6573191333227063
Util,Cnstr,0.5925872810376802
Util,Steel,0.6572836527143652
Util,FabPr,0.5103885482540665
Util,Mach,0.6876016599772286
Util,ElcEq,0.5961160572265634
Util,Autos,0.6547917688143505
Util,Aero,0.5575689585379147
Util,Ships,0.4841257146943196
Util,Guns,0.41341393469152526
Util,Gold,0.215144796164431
Util,Mines,0.4670445155925244
Util,Coal,0.44298825932806307
Util,Oil,0.6170807204010819
Util,Util,1.0
Util,Telcm,0.608987480503473
Util,PerSv,0.5516817349979315
Util,BusSv,0.6023432018834505
Util,Comps,0.5542017111201143
Util,Chips,0.5679122871021428
Util,LabEq,0.5781792943116313
Util,Paper,0.654491541551156
Util,Boxes,0.5710919326458692
Util,Trans,0.6386493866301289
Util,Whlsl,0.6444846278510662
Util,Rtail,0.6486468419812476
Util,Meals,0.574861409376442
Util,Banks,0.6477773707044788
Util,Insur,0.678619738957077
Util,RlEst,0.5047522684218081
Util,Fin,0.6673287658698974
Util,Other,0.4739159319088815
Telcm,Agric,0.44808273590336806
Telcm,Food,0.6859036719846685
Telcm,Soda,0.40965433460874506
Telcm,Beer,0.44662787714535535
Telcm,Smoke,0.34810455263466356
Telcm,Toys,0.623542728027402
Telcm,Fun,0.7014292843638947
Telcm,Books,0.6851243091020582
Telcm,Hshld,0.7383039564156806
Telcm,Clths,0.6796990987563325
Telcm,Hlth,0.6058305746279526
Telcm,MedEq,0.733490222178528
Telcm,Drugs,0.7423768634233922
Telcm,Chems,0.7406061037440966
Telcm,Rubbr,0.6293128265743922
Telcm,Txtls,0.6097201476834117
Telcm,BldMt,0.7412803157290307
Telcm,Cnstr,0.6624685602696981
Telcm,Steel,0.7220465799039587
Telcm,FabPr,0.5706986492664081
Telcm,Mach,0.8023889162208699
Telcm,ElcEq,0.7328570540974003
Telcm,Autos,0.7399746001128611
Telcm,Aero,0.6160494527203207
Telcm,Ships,0.518921700953776
Telcm,Guns,0.44157160259323014
Telcm,Gold,0.2031558901569982
Telcm,Mines,0.49859237827242214
Telcm,Coal,0.4306261367512149
Telcm,Oil,0.5870238628322417
Telcm,Util,0.608987480503473
Telcm,Telcm,1.0
Telcm,PerSv,0.6536845728028126
Telcm,BusSv,0.8492595550079454
Telcm,Comps,0.8079238240176838
Telcm,Chips,0.8256686469606717
Telcm,LabEq,0.777618268561879
Telcm,Paper,0.7091978834679806
Telcm,Boxes,0.6126015469465008
Telcm,Trans,0.7444982130568493
Telcm,Whlsl,0.7832884317110264
Telcm,Rtail,0.7895197506737778
Telcm,Meals,0.6948660461233441
Telcm,Banks,0.7198426756598246
Telcm,Insur,0.7028730678096214
Telcm,RlEst,0.5744460845913277
Telcm,Fin,0.7831193759183842
Telcm,Other,0.5973090912215836
PerSv,Agric,0.4276132310151819
PerSv,Food,0.6438541879141388
PerSv,Soda,0.38519684668340465
PerSv,Beer,0.4241221221566532
PerSv,Smoke,0.3203321775723157
PerSv,Toys,0.5629878508540752
PerSv,Fun,0.6355046670807668
PerSv,Books,0.6340885770449198
PerSv,Hshld,0.681687377946018
PerSv,Clths,0.6359886939948679
PerSv,Hlth,0.5803484255941281
PerSv,MedEq,0.6579475472470062
PerSv,Drugs,0.6160649500367497
PerSv,Chems,0.6763899030922498
PerSv,Rubbr,0.5982220389321682
PerSv,Txtls,0.579350987002402
PerSv,BldMt,0.697281990722239
PerSv,Cnstr,0.6291521817384477
PerSv,Steel,0.6531343143077105
PerSv,FabPr,0.5376748241077686
PerSv,Mach,0.7178504792715993
PerSv,ElcEq,0.6519900771549908
PerSv,Autos,0.6863268791106171
PerSv,Aero,0.5840512764365502
PerSv,Ships,0.5080783279187224
PerSv,Guns,0.4133739703593434
PerSv,Gold,0.19044699615756236
PerSv,Mines,0.4589752840112972
PerSv,Coal,0.38546537699011
PerSv,Oil,0.5449049389947034
PerSv,Util,0.5516817349979315
PerSv,Telcm,0.6536845728028126
PerSv,PerSv,1.0
PerSv,BusSv,0.7141459840437798
PerSv,Comps,0.667512785721174
PerSv,Chips,0.6709747615405557
PerSv,LabEq,0.6698686093265966
PerSv,Paper,0.6574673165717759
PerSv,Boxes,0.5522134070747566
PerSv,Trans,0.693558656835852
PerSv,Whlsl,0.724869259921824
PerSv,Rtail,0.7203637417166205
PerSv,Meals,0.6672551306593365
PerSv,Banks,0.6830970745879547
PerSv,Insur,0.6607886714534351
PerSv,RlEst,0.5606664472426879
PerSv,Fin,0.7126015090161089
PerSv,Other,0.5283228534121281
BusSv,Agric,0.49238192977254414
BusSv,Food,0.7286299607455575
BusSv,Soda,0.43120961966737126
BusSv,Beer,0.47867546403778766
BusSv,Smoke,0.3600352653709364
BusSv,Toys,0.6766934542260882
BusSv,Fun,0.7455523087019676
BusSv,Books,0.7029330142691264
BusSv,Hshld,0.792915990226493
BusSv,Clths,0.7277118084000105
BusSv,Hlth,0.6869245204987233
BusSv,MedEq,0.8181949935456101
BusSv,Drugs,0.8074648534856366
BusSv,Chems,0.7801029096291118
BusSv,Rubbr,0.6752701825042611
BusSv,Txtls,0.6442230579152676
BusSv,BldMt,0.7940868300835745
BusSv,Cnstr,0.7088639226574698
BusSv,Steel,0.7509256268437663
BusSv,FabPr,0.603596393547188
BusSv,Mach,0.8562180343640894
BusSv,ElcEq,0.797737637913222
BusSv,Autos,0.7737364357398037
BusSv,Aero,0.667932026292152
BusSv,Ships,0.5524697041845162
BusSv,Guns,0.4707032453943543
BusSv,Gold,0.22438324862779974
BusSv,Mines,0.5313113890580484
BusSv,Coal,0.4437093454825044
BusSv,Oil,0.6221394167968259
BusSv,Util,0.6023432018834505
BusSv,Telcm,0.8492595550079454
BusSv,PerSv,0.7141459840437798
BusSv,BusSv,1.0
BusSv,Comps,0.8959378791774348
BusSv,Chips,0.9063284027894232
BusSv,LabEq,0.8566654465421268
BusSv,Paper,0.7355659832036033
BusSv,Boxes,0.6521861770492113
BusSv,Trans,0.7883734994902301
BusSv,Whlsl,0.8570548003707898
BusSv,Rtail,0.8324389696001306
BusSv,Meals,0.7508674781156103
BusSv,Banks,0.7581868796378786
BusSv,Insur,0.7312873668490544
BusSv,RlEst,0.6228982101185516
BusSv,Fin,0.8269151677560678
BusSv,Other,0.6646179249221252
Comps,Agric,0.46374304448466114
Comps,Food,0.6888902299780932
Comps,Soda,0.4161807762421688
Comps,Beer,0.4633952601560183
Comps,Smoke,0.3501221926885232
Comps,Toys,0.6515767382368677
Comps,Fun,0.7051433398112599
Comps,Books,0.6488184346369824
Comps,Hshld,0.7543768700712818
Comps,Clths,0.6842899779738666
Comps,Hlth,0.6641488119195171
Comps,MedEq,0.7991226416785452
Comps,Drugs,0.7820096980042497
Comps,Chems,0.7381087670783408
Comps,Rubbr,0.6316405672762282
Comps,Txtls,0.6091359879340695
Comps,BldMt,0.7441185379070493
Comps,Cnstr,0.6600768832453416
Comps,Steel,0.711723739460133
Comps,FabPr,0.5731168872539211
Comps,Mach,0.8176986961027004
Comps,ElcEq,0.7616575560615461
Comps,Autos,0.7353232394222555
Comps,Aero,0.6479028667098464
Comps,Ships,0.5216450405723495
Comps,Guns,0.45684448222443025
Comps,Gold,0.2033905098253068
Comps,Mines,0.49562687630087404
Comps,Coal,0.4210434708423921
Comps,Oil,0.5895020341311696
Comps,Util,0.5542017111201143
Comps,Telcm,0.8079238240176838
Comps,PerSv,0.667512785721174
Comps,BusSv,0.8959378791774348
Comps,Comps,1.0
Comps,Chips,0.8979333099638253
Comps,LabEq,0.8338778473196734
Comps,Paper,0.6904479799804596
Comps,Boxes,0.6164234901194352
Comps,Trans,0.750223016800421
Comps,Whlsl,0.809173004748657
Comps,Rtail,0.781462078388624
Comps,Meals,0.7229383827996196
Comps,Banks,0.7072445505476466
Comps,Insur,0.6735761454160222
Comps,RlEst,0.580989583753375
Comps,Fin,0.7683168851781631
Comps,Other,0.6319770819984701
Chips,Agric,0.46680425273080034
Chips,Food,0.6841815980625896
Chips,Soda,0.40890043780909535
Chips,Beer,0.4563989771918233
Chips,Smoke,0.340776152693347
Chips,Toys,0.6533192385778532
Chips,Fun,0.7100905050241159
Chips,Books,0.6567810829996857
Chips,Hshld,0.7526400854241438
Chips,Clths,0.6844921070356317
Chips,Hlth,0.6461107442339004
Chips,MedEq,0.7794742557883125
Chips,Drugs,0.7726301185519756
Chips,Chems,0.7483097693166392
Chips,Rubbr,0.6424477462889048
Chips,Txtls,0.6094460099388785
Chips,BldMt,0.7557434662004853
Chips,Cnstr,0.6707890883840006
Chips,Steel,0.7312264307636583
Chips,FabPr,0.578473657714304
Chips,Mach,0.8446150685945193
Chips,ElcEq,0.7813588160732484
Chips,Autos,0.7430790005505022
Chips,Aero,0.6437814873417157
Chips,Ships,0.5305988849329488
Chips,Guns,0.45522815129193656
Chips,Gold,0.21709533804197634
Chips,Mines,0.5103694637592884
Chips,Coal,0.43083479644498146
Chips,Oil,0.5965231982139094
Chips,Util,0.5679122871021428
Chips,Telcm,0.8256686469606717
Chips,PerSv,0.6709747615405557
Chips,BusSv,0.9063284027894232
Chips,Comps,0.8979333099638253
Chips,Chips,1.0
Chips,LabEq,0.8598089503454788
Chips,Paper,0.6945670720754384
Chips,Boxes,0.6245222609813275
Chips,Trans,0.7548874347928154
Chips,Whlsl,0.8189596132720072
Chips,Rtail,0.7860615380676144
Chips,Meals,0.7106348059842423
Chips,Banks,0.7068335204217171
Chips,Insur,0.6798577416642627
Chips,RlEst,0.581196990744221
Chips,Fin,0.7869971771314296
Chips,Other,0.635089801142217
LabEq,Agric,0.46438269173759505
LabEq,Food,0.688024134197528
LabEq,Soda,0.4142863241042779
LabEq,Beer,0.4549151710508038
LabEq,Smoke,0.34354902483522304
LabEq,Toys,0.6342173041978388
LabEq,Fun,0.6884595850246829
LabEq,Books,0.6588534297155954
LabEq,Hshld,0.7501532257938931
LabEq,Clths,0.678726030054948
LabEq,Hlth,0.646982249663089
LabEq,MedEq,0.7695424612405245
LabEq,Drugs,0.7555363038226576
LabEq,Chems,0.7492588378100934
LabEq,Rubbr,0.6423375185750643
LabEq,Txtls,0.6165137895416045
LabEq,BldMt,0.7574128918454072
LabEq,Cnstr,0.6716697491391806
LabEq,Steel,0.7239420138179871
LabEq,FabPr,0.5822728871525642
LabEq,Mach,0.8279508117176485
LabEq,ElcEq,0.7661993815689894
LabEq,Autos,0.7413621261120342
LabEq,Aero,0.6411270224195276
LabEq,Ships,0.5328822381009675
LabEq,Guns,0.4622707839710334
LabEq,Gold,0.2223947811516592
LabEq,Mines,0.5170153356047158
LabEq,Coal,0.42394829080172086
LabEq,Oil,0.6033237565820863
LabEq,Util,0.5781792943116313
LabEq,Telcm,0.777618268561879
LabEq,PerSv,0.6698686093265966
LabEq,BusSv,0.8566654465421268
LabEq,Comps,0.8338778473196734
LabEq,Chips,0.8598089503454788
LabEq,LabEq,1.0
LabEq,Paper,0.7053265332838968
LabEq,Boxes,0.6158483921765595
LabEq,Trans,0.7450605796927794
LabEq,Whlsl,0.8070921098794149
LabEq,Rtail,0.7688305868429108
LabEq,Meals,0.7033995937940858
LabEq,Banks,0.7100667229155575
LabEq,Insur,0.6870361406298502
LabEq,RlEst,0.5831585093234428
LabEq,Fin,0.7763026183090286
LabEq,Other,0.6181069861225897
Paper,Agric,0.45148194065976094
Paper,Food,0.711239194351979
Paper,Soda,0.419809141007226
Paper,Beer,0.44695182520316107
Paper,Smoke,0.3649918705284845
Paper,Toys,0.5998429931928246
Paper,Fun,0.6687056116540478
Paper,Books,0.7100679835466525
Paper,Hshld,0.7534540805090384
Paper,Clths,0.7045500278743704
Paper,Hlth,0.5674224518690956
Paper,MedEq,0.6686488077210745
Paper,Drugs,0.643650680390078
Paper,Chems,0.7910919825547019
Paper,Rubbr,0.6541244223611024
Paper,Txtls,0.6525216182221106
Paper,BldMt,0.7813306202342624
Paper,Cnstr,0.6999642545745332
Paper,Steel,0.7625794125368829
Paper,FabPr,0.6045203623095879
Paper,Mach,0.805097601851947
Paper,ElcEq,0.7094306956444363
Paper,Autos,0.7976527091336276
Paper,Aero,0.6459398959711461
Paper,Ships,0.5691811454672799
Paper,Guns,0.4628494090439541
Paper,Gold,0.21478721217817606
Paper,Mines,0.5295147270203392
Paper,Coal,0.4601080352659481
Paper,Oil,0.6195011521511029
Paper,Util,0.654491541551156
Paper,Telcm,0.7091978834679806
Paper,PerSv,0.6574673165717759
Paper,BusSv,0.7355659832036033
Paper,Comps,0.6904479799804596
Paper,Chips,0.6945670720754384
Paper,LabEq,0.7053265332838968
Paper,Paper,1.0
Paper,Boxes,0.6584134922841227
Paper,Trans,0.7646721773242592
Paper,Whlsl,0.774608209461812
Paper,Rtail,0.7867895551347611
Paper,Meals,0.7005841287924347
Paper,Banks,0.7549730884966133
Paper,Insur,0.7546757641273786
Paper,RlEst,0.6045868881385076
Paper,Fin,0.7842556586865529
Paper,Other,0.5585325525338353
Boxes,Agric,0.37213486292571885
Boxes,Food,0.6045128830082642
Boxes,Soda,0.37240460013796406
Boxes,Beer,0.372866650285213
Boxes,Smoke,0.32048122524179995
Boxes,Toys,0.5212646773857607
Boxes,Fun,0.5743926014423285
Boxes,Books,0.576319949449697
Boxes,Hshld,0.6375457837489655
Boxes,Clths,0.5955223327422061
Boxes,Hlth,0.5085441908860611
Boxes,MedEq,0.5823608048983621
Boxes,Drugs,0.5623730333957483
Boxes,Chems,0.6754250408402935
Boxes,Rubbr,0.5526622314489944
Boxes,Txtls,0.5383019160226469
Boxes,BldMt,0.6588904996814442
Boxes,Cnstr,0.5862866272922337
Boxes,Steel,0.6541779949226132
Boxes,FabPr,0.5039954823606525
Boxes,Mach,0.6925145443106644
Boxes,ElcEq,0.6057245810932715
Boxes,Autos,0.6578637203832047
Boxes,Aero,0.5562511371509449
Boxes,Ships,0.4672271409662443
Boxes,Guns,0.3903743834835142
Boxes,Gold,0.1858970858153558
Boxes,Mines,0.4621158516465939
Boxes,Coal,0.38915705266131473
Boxes,Oil,0.5249940320168388
Boxes,Util,0.5710919326458692
Boxes,Telcm,0.6126015469465008
Boxes,PerSv,0.5522134070747566
Boxes,BusSv,0.6521861770492113
Boxes,Comps,0.6164234901194352
Boxes,Chips,0.6245222609813275
Boxes,LabEq,0.6158483921765595
Boxes,Paper,0.6584134922841227
Boxes,Boxes,1.0
Boxes,Trans,0.6544406805008227
Boxes,Whlsl,0.6703623824201135
Boxes,Rtail,0.6668012379345204
Boxes,Meals,0.5975687804090326
Boxes,Banks,0.6268063774616077
Boxes,Insur,0.6262173956532362
Boxes,RlEst,0.500079100622594
Boxes,Fin,0.6653930456006938
Boxes,Other,0.49798297032772587
Trans,Agric,0.46812792348928345
Trans,Food,0.7213228396184791
Trans,Soda,0.4254943885824049
Trans,Beer,0.4610615763020591
Trans,Smoke,0.36389082217477636
Trans,Toys,0.6239270010979739
Trans,Fun,0.7010992003351503
Trans,Books,0.6980420530381506
Trans,Hshld,0.7760898916553626
Trans,Clths,0.7269785402625365
Trans,Hlth,0.6202487870740586
Trans,MedEq,0.7193370210300978
Trans,Drugs,0.6916978615001403
Trans,Chems,0.7924645253797398
Trans,Rubbr,0.6638100244441868
Trans,Txtls,0.6515927361933458
Trans,BldMt,0.7941576460681089
Trans,Cnstr,0.7124818169939683
Trans,Steel,0.7738932001123493
Trans,FabPr,0.6037287426248726
Trans,Mach,0.8246676595894004
Trans,ElcEq,0.7412028774979981
Trans,Autos,0.8033602023594318
Trans,Aero,0.6763127392959369
Trans,Ships,0.5796225005110011
Trans,Guns,0.4642753184314695
Trans,Gold,0.20070630207118184
Trans,Mines,0.5371753892228024
Trans,Coal,0.4536458450901146
Trans,Oil,0.6313879209683653
Trans,Util,0.6386493866301289
Trans,Telcm,0.7444982130568493
Trans,PerSv,0.693558656835852
Trans,BusSv,0.7883734994902301
Trans,Comps,0.750223016800421
Trans,Chips,0.7548874347928154
Trans,LabEq,0.7450605796927794
Trans,Paper,0.7646721773242592
Trans,Boxes,0.6544406805008227
Trans,Trans,1.0
Trans,Whlsl,0.8071983485232058
Trans,Rtail,0.8184756709709644
Trans,Meals,0.7436302429281414
Trans,Banks,0.7717456356998122
Trans,Insur,0.7462596120661079
Trans,RlEst,0.6227058710470085
Trans,Fin,0.8035080481062873
Trans,Other,0.599193875168088
Whlsl,Agric,0.5071103384605314
Whlsl,Food,0.7495503812721663
Whlsl,Soda,0.44714526316413195
Whlsl,Beer,0.48742893297792445
Whlsl,Smoke,0.36740996746135635
Whlsl,Toys,0.6743419153668158
Whlsl,Fun,0.7365663644553985
Whlsl,Books,0.7189551967511305
Whlsl,Hshld,0.8030978256545901
Whlsl,Clths,0.7511912965586351
Whlsl,Hlth,0.6714297342406075
Whlsl,MedEq,0.7780440648092822
Whlsl,Drugs,0.7392619335216192
Whlsl,Chems,0.8151679994368047
Whlsl,Rubbr,0.7018692828563919
Whlsl,Txtls,0.672218890771015
Whlsl,BldMt,0.8290068244735342
Whlsl,Cnstr,0.736066339472412
Whlsl,Steel,0.8062625518108932
Whlsl,FabPr,0.6449135758973953
Whlsl,Mach,0.867671867012158
Whlsl,ElcEq,0.7900160724498477
Whlsl,Autos,0.8087071437581124
Whlsl,Aero,0.6853118271653722
Whlsl,Ships,0.5872864052001651
Whlsl,Guns,0.48586744491958983
Whlsl,Gold,0.25747736181980563
Whlsl,Mines,0.5843858547060139
Whlsl,Coal,0.49012904391172407
Whlsl,Oil,0.6829818798394899
Whlsl,Util,0.6444846278510662
Whlsl,Telcm,0.7832884317110264
Whlsl,PerSv,0.724869259921824
Whlsl,BusSv,0.8570548003707898
Whlsl,Comps,0.809173004748657
Whlsl,Chips,0.8189596132720072
Whlsl,LabEq,0.8070921098794149
Whlsl,Paper,0.774608209461812
Whlsl,Boxes,0.6703623824201135
Whlsl,Trans,0.8071983485232058
Whlsl,Whlsl,1.0
Whlsl,Rtail,0.8366327791646151
Whlsl,Meals,0.7649188437072257
Whlsl,Banks,0.7827519648581756
Whlsl,Insur,0.7602902766499406
Whlsl,RlEst,0.6550928708455269
Whlsl,Fin,0.8324546214070273
Whlsl,Other,0.6500679384654807
Rtail,Agric,0.4798937993194352
Rtail,Food,0.7522566709295819
Rtail,Soda,0.4475085153313104
Rtail,Beer,0.4802670640342177
Rtail,Smoke,0.3755286821577542
Rtail,Toys,0.6572567287441722
Rtail,Fun,0.7360328943270683
Rtail,Books,0.7450193032350032
Rtail,Hshld,0.8185490621498397
Rtail,Clths,0.8159782908078085
Rtail,Hlth,0.6415872637334189
Rtail,MedEq,0.748336970914797
Rtail,Drugs,0.7259229340762396
Rtail,Chems,0.7983457786976398
Rtail,Rubbr,0.6827965836223681
Rtail,Txtls,0.6822217955680671
Rtail,BldMt,0.818220581238573
Rtail,Cnstr,0.7439814126286849
Rtail,Steel,0.7718784995019666
Rtail,FabPr,0.6223165289095672
Rtail,Mach,0.8411799020439046
Rtail,ElcEq,0.7576373733418867
Rtail,Autos,0.8210476319150536
Rtail,Aero,0.6743102736271179
Rtail,Ships,0.5810014598343664
Rtail,Guns,0.4710532024181295
Rtail,Gold,0.1999878011202297
Rtail,Mines,0.52634063079492
Rtail,Coal,0.45463754613853063
Rtail,Oil,0.6001532158371029
Rtail,Util,0.6486468419812476
Rtail,Telcm,0.7895197506737778
Rtail,PerSv,0.7203637417166205
Rtail,BusSv,0.8324389696001306
Rtail,Comps,0.781462078388624
Rtail,Chips,0.7860615380676144
Rtail,LabEq,0.7688305868429108
Rtail,Paper,0.7867895551347611
Rtail,Boxes,0.6668012379345204
Rtail,Trans,0.8184756709709644
Rtail,Whlsl,0.8366327791646151
Rtail,Rtail,1.0
Rtail,Meals,0.7854093015085943
Rtail,Banks,0.7969522457584582
Rtail,Insur,0.7775382268801481
Rtail,RlEst,0.6406190913963802
Rtail,Fin,0.8364821911276237
Rtail,Other,0.615394332891371
Meals,Agric,0.45528753231402835
Meals,Food,0.694885721152972
Meals,Soda,0.4262941813742857
Meals,Beer,0.4625422719529715
Meals,Smoke,0.3379666711171104
Meals,Toys,0.6165775819250793
Meals,Fun,0.6899704804835383
Meals,Books,0.661305878293934
Meals,Hshld,0.7492879262599853
Meals,Clths,0.7033270110565129
Meals,Hlth,0.6181039554122996
Meals,MedEq,0.7119908647335119
Meals,Drugs,0.6553906891111231
Meals,Chems,0.7233190380715658
Meals,Rubbr,0.625787984098219
Meals,Txtls,0.628119371465916
Meals,BldMt,0.7449486165048365
Meals,Cnstr,0.6692759031693759
Meals,Steel,0.6893764287079419
Meals,FabPr,0.5613769188443993
Meals,Mach,0.758471311928835
Meals,ElcEq,0.693649295249856
Meals,Autos,0.7441462219805596
Meals,Aero,0.635537423205021
Meals,Ships,0.5247238251044501
Meals,Guns,0.43392912059678346
Meals,Gold,0.1900008169263821
Meals,Mines,0.48595013952194444
Meals,Coal,0.4114521409910275
Meals,Oil,0.5665747630746103
Meals,Util,0.574861409376442
Meals,Telcm,0.6948660461233441
Meals,PerSv,0.6672551306593365
Meals,BusSv,0.7508674781156103
Meals,Comps,0.7229383827996196
Meals,Chips,0.7106348059842423
Meals,LabEq,0.7033995937940858
Meals,Paper,0.7005841287924347
Meals,Boxes,0.5975687804090326
Meals,Trans,0.7436302429281414
Meals,Whlsl,0.7649188437072257
Meals,Rtail,0.7854093015085943
Meals,Meals,1.0
Meals,Banks,0.727882882800951
Meals,Insur,0.6967262419360245
Meals,RlEst,0.615507648168645
Meals,Fin,0.7465257327661117
Meals,Other,0.5754896362641945
Banks,Agric,0.4683383433869663
Banks,Food,0.7238581775156835
Banks,Soda,0.43187106718455726
Banks,Beer,0.45454767527573076
Banks,Smoke,0.3671646523179303
Banks,Toys,0.6122311515217579
Banks,Fun,0.6856755201337157
Banks,Books,0.7128333072762689
Banks,Hshld,0.7715047339112753
Banks,Clths,0.7021578194164139
Banks,Hlth,0.6120981593055516
Banks,MedEq,0.7029995692762004
Banks,Drugs,0.6598021791118814
Banks,Chems,0.759086963036036
Banks,Rubbr,0.6628323012524429
Banks,Txtls,0.6423361906051211
Banks,BldMt,0.788158375238152
Banks,Cnstr,0.7134695940702251
Banks,Steel,0.7272655483519247
Banks,FabPr,0.5944977306602791
Banks,Mach,0.7913121284680108
Banks,ElcEq,0.7160710555487372
Banks,Autos,0.7750439622040206
Banks,Aero,0.6402164485342292
Banks,Ships,0.5591004184845845
Banks,Guns,0.45899376040759804
Banks,Gold,0.1804038657440621
Banks,Mines,0.5029405841768285
Banks,Coal,0.42297442500048643
Banks,Oil,0.5950043625131185
Banks,Util,0.6477773707044788
Banks,Telcm,0.7198426756598246
Banks,PerSv,0.6830970745879547
Banks,BusSv,0.7581868796378786
Banks,Comps,0.7072445505476466
Banks,Chips,0.7068335204217171
Banks,LabEq,0.7100667229155575
Banks,Paper,0.7549730884966133
Banks,Boxes,0.6268063774616077
Banks,Trans,0.7717456356998122
Banks,Whlsl,0.7827519648581756
Banks,Rtail,0.7969522457584582
Banks,Meals,0.727882882800951
Banks,Banks,1.0
Banks,Insur,0.8039720784781063
Banks,RlEst,0.6445202749533185
Banks,Fin,0.8487906205663692
Banks,Other,0.5744446142174462
Insur,Agric,0.4406423011849032
Insur,Food,0.7164793773091404
Insur,Soda,0.42669663291533033
Insur,Beer,0.45238351930007115
Insur,Smoke,0.37089458572429373
Insur,Toys,0.5833194759484713
Insur,Fun,0.6670322013040146
Insur,Books,0.6953309617800617
Insur,Hshld,0.7359828785797716
Insur,Clths,0.6853769179830017
Insur,Hlth,0.6028978201866934
Insur,MedEq,0.6677778143129004
Insur,Drugs,0.6380936917012422
Insur,Chems,0.7544672655808319
Insur,Rubbr,0.6365525435863509
Insur,Txtls,0.6206318058559789
Insur,BldMt,0.7602704381179162
Insur,Cnstr,0.7145340291004654
Insur,Steel,0.7275957861304287
Insur,FabPr,0.5854771159427263
Insur,Mach,0.7792078165856869
Insur,ElcEq,0.690685807281846
Insur,Autos,0.7577035162620946
Insur,Aero,0.6318946502375294
Insur,Ships,0.5502332748959424
Insur,Guns,0.44051817935612103
Insur,Gold,0.19224570336399346
Insur,Mines,0.49889345341884883
Insur,Coal,0.43367481287485526
Insur,Oil,0.5945396565724991
Insur,Util,0.678619738957077
Insur,Telcm,0.7028730678096214
Insur,PerSv,0.6607886714534351
Insur,BusSv,0.7312873668490544
Insur,Comps,0.6735761454160222
Insur,Chips,0.6798577416642627
Insur,LabEq,0.6870361406298502
Insur,Paper,0.7546757641273786
Insur,Boxes,0.6262173956532362
Insur,Trans,0.7462596120661079
Insur,Whlsl,0.7602902766499406
Insur,Rtail,0.7775382268801481
Insur,Meals,0.6967262419360245
Insur,Banks,0.8039720784781063
Insur,Insur,1.0
Insur,RlEst,0.6194739651467809
Insur,Fin,0.8200929843152571
Insur,Other,0.5566902184980208
RlEst,Agric,0.3897208323616034
RlEst,Food,0.57434806051196
RlEst,Soda,0.3354396572646927
RlEst,Beer,0.3669958983691473
RlEst,Smoke,0.273957856603978
RlEst,Toys,0.5223144014451133
RlEst,Fun,0.5767189673665465
RlEst,Books,0.5815204429842342
RlEst,Hshld,0.6262705340672257
RlEst,Clths,0.5868711789508144
RlEst,Hlth,0.507787835679151
RlEst,MedEq,0.5736391286891681
RlEst,Drugs,0.521447517804227
RlEst,Chems,0.6140428501366619
RlEst,Rubbr,0.5508672385188051
RlEst,Txtls,0.5376437683191111
RlEst,BldMt,0.6575214706937059
RlEst,Cnstr,0.5943732773621823
RlEst,Steel,0.6113765691128435
RlEst,FabPr,0.49254483054563053
RlEst,Mach,0.6592135135064915
RlEst,ElcEq,0.599947720412823
RlEst,Autos,0.626002174628352
RlEst,Aero,0.5282682514422125
RlEst,Ships,0.45225959010631056
RlEst,Guns,0.37516183488428073
RlEst,Gold,0.2096010396818533
RlEst,Mines,0.43581716035745005
RlEst,Coal,0.37195995077885047
RlEst,Oil,0.5370677166578404
RlEst,Util,0.5047522684218081
RlEst,Telcm,0.5744460845913277
RlEst,PerSv,0.5606664472426879
RlEst,BusSv,0.6228982101185516
RlEst,Comps,0.580989583753375
RlEst,Chips,0.581196990744221
RlEst,LabEq,0.5831585093234428
RlEst,Paper,0.6045868881385076
RlEst,Boxes,0.500079100622594
RlEst,Trans,0.6227058710470085
RlEst,Whlsl,0.6550928708455269
RlEst,Rtail,0.6406190913963802
RlEst,Meals,0.615507648168645
RlEst,Banks,0.6445202749533185
RlEst,Insur,0.6194739651467809
RlEst,RlEst,1.0
RlEst,Fin,0.6661555517167477
RlEst,Other,0.4645836822000852
Fin,Agric,0.4846843951619485
Fin,Food,0.7346915769297783
Fin,Soda,0.4366688787230381
Fin,Beer,0.45459855912543035
Fin,Smoke,0.3638659520911541
Fin,Toys,0.6365980436527162
Fin,Fun,0.7262190085615668
Fin,Books,0.7365643247982456
Fin,Hshld,0.7891152237784387
Fin,Clths,0.7370636433240105
Fin,Hlth,0.6288479653915446
Fin,MedEq,0.7262723991590784
Fin,Drugs,0.7019791895223272
Fin,Chems,0.8045552852940023
Fin,Rubbr,0.6843182761677613
Fin,Txtls,0.6552864622295758
Fin,BldMt,0.8218572950197404
Fin,Cnstr,0.7499931654227059
Fin,Steel,0.7949692866166617
Fin,FabPr,0.6342324880684297
Fin,Mach,0.8554345596250605
Fin,ElcEq,0.7659349891187156
Fin,Autos,0.8106103940200418
Fin,Aero,0.6661036435786669
Fin,Ships,0.5892791848814013
Fin,Guns,0.46848047016443567
Fin,Gold,0.23866937381300146
Fin,Mines,0.564612300230744
Fin,Coal,0.47705148930569485
Fin,Oil,0.650725228849876
Fin,Util,0.6673287658698974
Fin,Telcm,0.7831193759183842
Fin,PerSv,0.7126015090161089
Fin,BusSv,0.8269151677560678
Fin,Comps,0.7683168851781631
Fin,Chips,0.7869971771314296
Fin,LabEq,0.7763026183090286
Fin,Paper,0.7842556586865529
Fin,Boxes,0.6653930456006938
Fin,Trans,0.8035080481062873
Fin,Whlsl,0.8324546214070273
Fin,Rtail,0.8364821911276237
Fin,Meals,0.7465257327661117
Fin,Banks,0.8487906205663692
Fin,Insur,0.8200929843152571
Fin,RlEst,0.6661555517167477
Fin,Fin,1.0
Fin,Other,0.6016210771411401
Other,Agric,0.38722652535203367
Other,Food,0.5661067299869169
Other,Soda,0.3363306885330931
Other,Beer,0.38092905847188796
Other,Smoke,0.28190050588524473
Other,Toys,0.5210719801188625
Other,Fun,0.5646875310062415
Other,Books,0.516796016202755
Other,Hshld,0.6049258940765527
Other,Clths,0.5589972815221064
Other,Hlth,0.5362228071683189
Other,MedEq,0.6169155653215918
Other,Drugs,0.5857602811068354
Other,Chems,0.59458087811093
Other,Rubbr,0.5186920544835789
Other,Txtls,0.49907039008144716
Other,BldMt,0.6128320252962786
Other,Cnstr,0.5397824841575937
Other,Steel,0.5676226405570591
Other,FabPr,0.4522595812416674
Other,Mach,0.6358954951561574
Other,ElcEq,0.590620575306855
Other,Autos,0.5852404876088168
Other,Aero,0.5129717805724466
Other,Ships,0.41769673911645394
Other,Guns,0.36421796141597595
Other,Gold,0.17133921260837917
Other,Mines,0.41816649818157636
Other,Coal,0.3487673701482363
Other,Oil,0.4836505158104647
Other,Util,0.4739159319088815
Other,Telcm,0.5973090912215836
Other,PerSv,0.5283228534121281
Other,BusSv,0.6646179249221252
Other,Comps,0.6319770819984701
Other,Chips,0.635089801142217
Other,LabEq,0.6181069861225897
Other,Paper,0.5585325525338353
Other,Boxes,0.49798297032772587
Other,Trans,0.599193875168088
Other,Whlsl,0.6500679384654807
Other,Rtail,0.615394332891371
Other,Meals,0.5754896362641945
Other,Banks,0.5744446142174462
Other,Insur,0.5566902184980208
Other,RlEst,0.4645836822000852
Other,Fin,0.6016210771411401
Other,Other,1.0
